,0
0,폭력의 왕
1,메탈릭 루쥬
2,천재 무림 트레이너
3,2024 내일 뭐 입지?
4,뷰티풀 군바리
5,참교육
6,백수세끼
7,신의 탑
8,왕과의 야행
9,윈드브레이커
10,소녀의 세계
11,귀촌리
12,퀘스트지상주의
13,신화급 귀속 아이템을 손에 넣었다
14,수상한 다이어트 클럽
15,절대검감
16,버림받은 왕녀의 은밀한 침실
17,환생천마
18,팔이피플
19,별난식당
20,우아한 욕망
21,어린이집 다니는 구나
22,회귀한 공작가의 막내도련님은 암살자
23,토마토가 돼라!
24,똑 닮은 딸
25,만렙돌파
26,진주
27,북부 공작님을 유혹하겠습니다
28,악당 가족이 독립을 반대한다
29,개같이 탈출
30,제왕
31,히어로메이커
32,영업 천재가 되었다
33,인섹터
34,더블클릭
35,마왕을 그만둔 이유
36,칼가는 소녀
37,좀비묵시록 82-08
38,K학원 생존기
39,미친 재능의 플레이어
40,불편한 편의점
41,결혼생활 그림일기
42,막장 악녀
43,루루라라 우리네 인생
44,잔불의 기사
45,폭력의 왕
46,요리사가 되고 싶은 천마님
47,아슈타르테
48,여고생이 신인데 나만 괴롭힘
49,파운더
50,달이 뜨지 않는 도시
51,시한부의 아이까지 뺏으려 합니다
52,헬크래프트
53,보스리턴
54,꿈의 기업
55,녹빛자정의 연인
56,내가 쓴 소설 속 주인공들이 나를 죽이려 드는데요?
57,악녀교실
58,"사랑, 그거 어떻게 하는 건데"
59,함부로 친절하지 말라
60,일파만파
61,제국 제일의 상속녀가 되었습니다
62,공녀님의 꽃밭에는 그들이 산다
63,학식의 꿈
64,피말리는 과대생활
65,영앤리치가 아니야!
66,내가 왜 킬러?!
67,두 번째 삶은 힐링라이프?
68,솔로스쿨
69,백호랑
70,고백어택
71,달로 만든 아이
72,최후의 금빛아이
73,사이다걸
74,찌질하지만 로맨스는 하고 싶어
75,반려짐승
76,마이너스의 손
77,날 먹는 건 금지양!
78,찔레꽃 그늘 아래
79,"집사, 주세요!"
80,나의 보이소프렌드
81,다육이는 잘 자란다
82,어쌔신 크리드 - 잊혀진 사원
83,컨트롤X
84,역주행!
85,처음을 줄게!
86,주작연애
87,버그이터
88,티엔다비스 - 완벽한 구원을 위하여
89,오늘의 일기예보
90,프로페서
91,선빵필승!
92,어느날 짝남에게 공작님이 빙의했다
93,트리거
94,2024 내일 뭐 입지?
95,좋아? 죽어!
96,김부장
97,마음의소리2
98,서울 자가에 대기업 다니는 김 부장 이야기
99,마루는 강쥐
100,내가 키운 S급들
101,피부과 만렙남
102,괴력 난신
103,유부 감자
104,사신소년
105,멸망 이후의 세계
106,한림체육관
107,이섭의 연애
108,천마는 평범하게 살 수 없다
109,집이 없어
110,하루만 네가 되고 싶어
111,신입사원 김철수
112,유사연애
113,욕망일기Deep
114,하북팽가 막내아들
115,성검전설
116,초인의 게임
117,못 잡아먹어서 안달
118,백씨세가 시한부 공자
119,삼국지톡
120,올가미
121,사표내고 이계에서 힐링합니다
122,포 더 퀸덤
123,놓지마 정신줄 시즌3
124,원주민 공포만화
125,빌런투킬
126,도태교실
127,자멸기관
128,염라강림
129,불 빌려드릴까요?
130,우리 집 고양이 보고 갈래?
131,일홀도
132,신과함께 돌아온 기사왕님
133,나만 보는 탑 공략집
134,시체기사 군터
135,랜덤채팅의 그녀!
136,이상형
137,윌유메리미
138,아카데미 플레이어를 죽였다
139,내 남편의 정부에게
140,사람의 탈
141,약 파는 황태자
142,로잘린 보가트
143,연우의 순정
144,은주의 방 2~3부
145,사리네 보석함
146,하우스키퍼
147,환수왕
148,헥토파스칼
149,왕게임
150,빛나는 나나나나
151,그냥 선생님
152,에이머
153,개같은 아빠
154,파도의 포말
155,맹수 사용 설명서
156,해골협객
157,배드 엔딩 메이커
158,내남친 킹카만들기
159,1331
160,형사본색
161,흑역사 어게인
162,암호는 002!
163,주인님을 잡아먹는 방법
164,무원야담
165,거짓말의 뉘앙스
166,여우자매
167,제로게임
168,랜덤타겟
169,뜻밖의 청혼
170,헬스x로맨스
171,미워할 거야
172,붉은 이정표
173,필리아로제 - 가시왕관의 예언
174,친애하는 연서
175,윗집 그 남자
176,우투리: THE LEGACY
177,오아뉴-멱살 한번 잡힙시다
178,렌탈히어로
179,동경과 거짓말
180,원포인트
181,시한부 황후의 나쁜 짓
182,자매의 사생활
183,돌격! 용마치킨
184,죽었던 너와 다시 시작하기
185,왕자님 짠내밥상
186,대리게임
187,그 남학생에게 고백하지 마십시오
188,"아, 연애하고 싶다"
189,착한 여자 안선해
190,서툰 군인
191,화산귀환
192,2024 내일 뭐 입지?
193,전지적 독자 시점
194,무직백수 계백순
195,쌉초의 난
196,백XX
197,조조코믹스
198,마음의소리(였던 것)
199,헬퍼 2 : 킬베로스
200,캐슬2:만인지상
201,진돌히디만화
202,66666년 만에 환생한 흑마법사
203,일렉시드
204,운명을 보는 회사원
205,미래의 골동품 가게
206,2024 너네 뭐 먹니?
207,격기3반
208,1등급 싸움과외
209,내 여자친구는
210,칼에 취한 밤을 걷다
211,별을 품은 소드마스터
212,왕따가 격투기를 너무 잘함
213,어린이집 다니는 구나
214,나쁜사람
215,기묘한 만화
216,튜토리얼 탑의 고인물
217,무림서부
218,사천당가의 검신급 소가주가 되었다
219,강철을 먹는 플레이어
220,중간에서 만나
221,마른 가지에 바람처럼
222,어느 마법사의 식당
223,쓰레기는 쓰레기통에!
224,남사친의 법칙
225,사상최강
226,에녹:빛나는 나무
227,영웅&마왕&악당
228,어린 상사
229,인과관계
230,"안녕, 나의 수집"
231,나의 신은 욕망꾸러기
232,마님이네 미국 시골집 이야기
233,칼부림
234,언덕 위의 제임스
235,판타지 여동생!
236,내 연애 너 있다
237,두 번 사는 프로듀서
238,귀비나리
239,닥터앤닥터 병원일기
240,잠겨죽어도
241,결혼 시뮬레이션
242,아는 사람
243,겨울 정원의 하와르
244,수인 보호소에서 남주를 입양해 버렸다
245,수요웹툰의 나강림
246,변방의 외노자
247,괴물공작의 딸
248,좀간
249,선배는 나빠요!
250,삼덕천하
251,신입은 낮져밤이
252,돌아온 쿠쿠짱
253,강아지는 멍멍하고 짖지 않아!
254,뽀대작렬
255,에브리띵 이즈 파인
256,나를 낳아줘
257,말숙이를 부탁해
258,미시령
259,판박귀
260,여명의 등불
261,마침표의 유예기간
262,짝사랑은 결혼으로 끝나지 않는다
263,흔한 빙의물인 줄 알았다
264,산타 스카우트
265,누가 나를 죽였을까
266,두꺼비집
267,그 남자의 은밀한 하루
268,로어 올림푸스
269,연애일기
270,쇼윈도 탈출
271,나랑 해요
272,더 베이비시터
273,베이비 폭군
274,"49번 남았습니다, 스승님!"
275,어느 백작 영애의 이중생활
276,그때 그 채영민
277,사생돌
278,고백하면 끝나는 만화
279,우리의 연애일지
280,연애고수
281,반짝반짝 작은 눈
282,망치하르방
283,"사랑아, 영원해!"
284,배달왕
285,신혼일기
286,2024 내일 뭐 입지?
287,나노마신
288,촉법소년
289,재벌집 막내아들
290,소꿉친구 컴플렉스
291,피부과 만렙남
292,순결을 그대에게
293,천마육성
294,사형집행관
295,할배무사와 지존 손녀
296,뮤즈 온 유명
297,2024 너네 뭐 먹니?
298,마도귀환록
299,정글쥬스
300,회귀한 천재 헌터의 슬기로운 청소생활
301,강한 누나
302,사내연애 사절!
303,나 혼자 네크로맨서
304,내향남녀
305,불효자
306,버려진 나의 최애를 위하여
307,가족같은 XX
308,기자매
309,순정빌런
310,쿠베라
311,국세청 망나니
312,이세계 캠핑으로 힐링 라이프
313,흔한햄
314,시한부 천재 암흑기사
315,순수한 동거생활
316,VS
317,일립예고 학생들
318,마왕까지 한 걸음
319,최강전설 강해효
320,보스였음
321,룸비니
322,게임 최강 트롤러
323,에밀리의 저택
324,규격 외 혈통 천재
325,오만의 시대
326,검은 늑대가 나를 부르면
327,개구리 인간
328,첫날밤을 보낸 그 악녀를 찾습니다
329,불편한 관계
330,삼이는 재생한다
331,마법사랑해
332,루루라라 우리네 인생
333,서울밤피어
334,관계중독
335,두 번째 딸로 태어났습니다
336,썩은 핑크의 법칙
337,SPT - 박쥐의 시간
338,골레이로
339,미리보기
340,"오, 친애하는 숙적"
341,천마님 안마하신다
342,귀신새가 지저귀면
343,히든클래스 중력자로 최강을 노린다
344,누가 어른 되면 다 된댔어?
345,부부의 의무를 원하신다면
346,"엔딩, 바꿔보려합니다"
347,"이러면 안 돼요, 전하!"
348,돈내놔
349,어느날 교주가 된다면
350,검은 인어
351,만물의 영장
352,당신의 그림자를 그만두었을 때
353,쌍둥이 영애가 남장을 하는 이유
354,그 악룡은 무엇을 위해 사는가
355,2차전직 스킵용사
356,영광의 해일로
357,베니루 BAENIRU
358,학생만 하면 안 될까요?
359,꽃만 키우는데 너무 강함
360,내가 사랑한 물고기
361,카루나
362,이세계 탈출
363,사기 친 공작님을 유혹해버렸다
364,유월의 소한
365,"첫사랑, 두 번째"
366,여친을 찾아서
367,사랑하는 여배우들
368,3X3!
369,일진만화에서 살아남기
370,권리행사자
371,잘못된 연애
372,괴물의 바다
373,미라주
374,2024 내일 뭐 입지?
375,좋아? 죽어!
376,외모지상주의
377,광마회귀
378,역대급 영지 설계사
379,나 혼자 만렙 뉴비
380,유부 감자
381,상남자
382,사자의 서
383,재혼 황후
384,"언니, 이번 생엔 내가 왕비야"
385,나 혼자 탑에서 농사
386,사신
387,2024 너네 뭐 먹니?
388,천하제일 대사형
389,1초
390,낙향문사전
391,열렙전사 3부
392,A.I. 닥터
393,죽지 않으려면
394,전남편의 미친개를 길들였다
395,세기말 풋사과 보습학원
396,서울역 드루이드
397,문제적 왕자님
398,하는 사이
399,펜홀더
400,삼국지톡
401,가장 썩은 것을 줄게
402,말년용사
403,여우놀이
404,히어로 킬러
405,체크포인트
406,연애의 기록
407,암살청과
408,약탈 신부
409,더 게이머
410,남편은 한 명으로 족하다
411,아카데미에서 살아남기
412,여동생은 오늘 밤 나를 간택한다
413,새동네
414,폭군님은 착하게 살고 싶어
415,도무지 그애는
416,그거 사랑 아니야
417,흑요석의 신부
418,바스티안
419,도깨비의 밤
420,소름일기
421,커플브레이커
422,벌집
423,플레이어
424,온리호프
425,뫼신 사냥꾼
426,공동급식구역
427,대신 살쪄주는 여자
428,그렇게 물거품이 되어도
429,대위님! 이번 전쟁터는 이곳인가요?
430,킬 더 드래곤
431,뼈왕
432,그냥 선생님
433,로또 황녀님
434,메탈릭 루쥬
435,소희 훔치기
436,복수 법률사무소
437,평화식당
438,여름의 너에게
439,후덜덜덜 남극전자
440,야수라는 공작에게 시집왔는데
441,세자와 세자빈의 계약혼인전
442,사냥개의 회귀본능
443,센스제로
444,천재 배우의 아우라Aura
445,몽홀
446,달이 없는 나라
447,솔트앤페퍼
448,악마라고 불러다오
449,룸9
450,걔의 질투
451,신컨의 원 코인 클리어
452,그 남자의 정원
453,당신의 사랑
454,괴물 의상실
455,미드우트
456,오!너의 리스크
457,스토커의 하루
458,우리는 후라이족
459,콜미로맨틱
460,백년게임
461,3분의 1이 없어도
462,드래곤의 심장을 가지고 있습니다
463,비밀친구
464,합법해적 파르페
465,유주의 우주
466,기억해줘
467,무제인간
468,애증화음
469,개꿈
470,쌉초의 난
471,99강화나무몽둥이
472,조조코믹스
473,마도전생기
474,초인의 시대
475,킬러 배드로
476,비질란테 2부
477,2024 너네 뭐 먹니?
478,아홉수 우리들
479,인생존망2
480,킬러경찰
481,욕망일기Deep
482,세레나
483,디펜스 게임의 폭군이 되었다
484,신입사원 강 회장
485,황제의 검
486,나를 바꿔줘
487,아이 하나
488,얼짱시대
489,왕의 힘으로 회귀한다
490,흔한햄
491,놓지마 정신줄 시즌3
492,어글리후드
493,소공녀 민트
494,짜장 한 그릇에 제갈세가 데릴사위
495,작전명 순정
496,토끼 여주의 새엄마가 되었다
497,야매 힐러로 사는 법
498,플레이어가 과거를 숨김
499,윌유메리미
500,사랑하는 나의 억압자
501,K학원 생존기
502,멸망한 세계의 취사병
503,마님이네 미국 시골집 이야기
504,민간인 통제구역 - 일급기밀
505,나를 미워하던 남편이 기억을 잃었다
506,탑아이돌의 막내 멤버가 되었다
507,멸망한 가문의 회귀자
508,대충 캠퍼스로맨스임
509,내 연애 너 있다
510,묘약마녀
511,홍시는 날 좋아해!
512,회귀자의 은퇴 라이프
513,부패의 사제
514,예명여고
515,좀비X슬래셔
516,205호 고은혜
517,탑코너
518,흑화한 노예남을 길들였다
519,스쿨 오브 스트릿
520,천마의 후손이 되었다
521,"다비, 아찔하게 흐르는"
522,오늘만 사는 기사
523,천 살 연하 황제가 집착한다
524,유령의 노래
525,더 해머
526,이계진입 리로디드
527,이세계 강셰프
528,용사참수인
529,괴양이
530,돌아온 쿠쿠짱
531,"저무는 해, 시린 눈"
532,공유몽
533,지옥2:부활자
534,완벽한 부부는 없다
535,전생연분
536,죽여야 산다
537,율리
538,첫사랑은 헤이트
539,만수면 무강리
540,시한부 기사가 되었다
541,마법사가 죽음을 맞이하는 방법
542,사서고생!
543,당신이 나를 믿으신다면
544,용두사망 소설 속의 악녀가 되었다
545,사기캐
546,S.K.T(Swallow Knights Tales)
547,수호소녀
548,동그란 그녀와 소심한 그 남자
549,오후가 멈추도록
550,괴물의 순결한 심장
551,너에게로 중독
552,박제하는 시간
553,솔직하게 말해줘!
554,X의 목줄을 쥐는 법
555,마이 데몬
556,이매망량
557,동녘과 백야
558,망치하르방
559,데이팅 캣
560,궤도의 아이들
561,위험한 거짓말
562,아침을 지나 밤으로
563,너나 나나
564,서툰 군인
565,1825일
566,배달왕
567,신혼일기
568,무직백수 계백순
569,입학용병
570,기기괴괴2
571,별이삼샵
572,시월드가 내게 집착한다
573,천화서고 대공자
574,2024 너네 뭐 먹니?
575,나 혼자 특성빨로 무한 성장
576,하자인간
577,아카데미의 천재칼잡이
578,수희0(tngmlek0)
579,먹뀌싸
580,날 닮은 아이
581,분신으로 자동사냥
582,나는 참지 못한다
583,"고수, 후궁으로 깨어나다"
584,청춘계시록
585,소녀재판
586,판사 이한영
587,부동산이 없는 자에게 치명적인
588,이발소 밑 게임가게
589,폰투스 : 극야2
590,아카데미에 위장취업당했다
591,위닝샷!
592,최후의 모험가
593,무능력자
594,혼자 다 해 먹는 천재 암살자
595,죽거나 혹은 사랑에 빠지거나
596,내일
597,건객
598,"안녕, 나의 수집"
599,장풍전
600,무서운게 딱좋아!
601,바바리안 영애
602,피폐물 남주의 엄마가 되었다
603,마법스크롤 상인 지오
604,악녀는 조용히 살고 싶을 뿐인데!
605,무진
606,환생좌
607,약빨이 신선함
608,경자 전성시대
609,랑데뷰
610,천재 무림 트레이너
611,"그 머리 긴 선배, 이름이 뭐더라?"
612,재벌의 품격
613,용사보다 너무 강해서 힘을 숨김
614,사랑받는 시집살이
615,허리케인 공주님
616,칼끝에 입술
617,이웃집 연하
618,망돌의 사생
619,홍끼의 메소포타미아 신화
620,상사불상사
621,최고의 뿔소라
622,망겜의 시체줍는 천재전사
623,내게 종말은 게임이다
624,강아지는 멍멍하고 짖지 않아!
625,밤마다 남편이 바뀐다
626,찐한 고백
627,로봇소녀 노이도
628,다크 판타지 속 성기사
629,신혼부부 생활 백서
630,아무래도 결혼을 잘못한 것 같다
631,팔문의 옥
632,불완전 신데렐라물
633,첫날밤만 세 번째
634,오!단군
635,여우애담
636,미친 황제가 나를 안을 때
637,사장님이 미쳤어요
638,마왕의 고백
639,연애일기
640,키스는 자기 전에
641,여신님의 호랑이 공략법
642,神장산범
643,구해종 SOS
644,완벽한 파트너
645,추락한 곳은 낙원
646,사랑은 없는 것처럼
647,죽고 싶습니다
648,갑!자기 건물주
649,아빠는 버츄얼 아이돌
650,데빌샷
651,백설을 위하여
652,재영과 재영 사이
653,킬링킬러
654,손 잡은 사이
655,포크&나이프
656,주인공의 주식을 팝니다
657,밤필드의 아이들 by DARK MOON
658,블러드 리벤저
659,황금의 세계를 너에게
660,마섹남 - 마술하는 섹시한 남자
661,숲속의 대표님
662,내가 만든 이세계
663,망돌리부트
664,노래 못 하는 남자
665,급발진 로맨스
666,프린키피아
