,video_title
0,NewJeans (뉴진스) 'Bubble Gum' Official MV
1,(SUB) 뉴진스(NewJeans) 세 번째 출연권 따낸(?) 애비진스ㅣ할명수 ep.183
2,160억 뉴진스 VS 1500억 아일릿
3,르세라핌으로 알아보는 '개저씨들' 취향
4,뉴진스 새로운 멤버 발표😳!!!포닝
5,[뉴진스] 해린이 데뷔 14일만에 걸그룹 올타임 레전드 찍은 장면 (업스케일링)
6,
7,
8,뉴진스 노래모음 (가사포함) | NewJeans Playlist (Korean Lyrics)
9,"뉴진스의 심경 토로 ""결국 지나갈 것""...오늘 밤 경복궁 특설무대 올라｜지금 이 장면"
10,소름돋는 뉴진스 위약금.. 계획 앞당긴 민희진 왜?
11,"민희진 뉴진스 멤버 비하, 뒷담 욕 결국 인정한 근황, 살 못빼는 개초딩들,하니 개뚱뚱 찌발(실제카톡)"
12,결국 뉴진스도 봐버린 짤들
13,뉴진스 민희진 관계가 불안한 이유
14,[뉴진스] 강고양이 소화력 미쳤다
15,갓 태어난 뿌까팜🦦
16,
17,
18,NewJeans 'Bubble Gum' Lyrics (뉴진스 Bubble Gum 가사) (Color Coded Lyrics)
19,뉴진스 민지 다니엘 입열다 #뉴진스 #민지 #다니엘
20,"2023년은 토끼해라던데!?🐰 Attention부터 Hype boy, Hurt까지 뉴진스 모든 무대 몰아보기 | NewJeans Stage Compilation"
21,NewJeans (뉴진스) 'Ditto' Performance Video
22,NewJeans (뉴진스) 'Hype Boy' Official MV (Performance ver.2)
23,NewJeans (뉴진스) Live @ Lollapalooza 2023 (Full Performance)
24,"𝐏𝐥𝐚𝐲𝐥𝐢𝐬𝐭 트렌드의 아이콘 뉴진스, 잔잔하며 풋풋한 뉴진스의 히트곡 모음 𝑵𝒆𝒘𝑱𝒆𝒂𝒏𝒔 𝑷𝒍𝒂𝒚𝒍𝒊𝒔𝒕"
25,뉴진스(NewJeans) 한복 디자이너가 남긴 장문의 작업 후기에 사람들이 놀란 이유? / MTN STAR
26,[Light Jeans] NIKE Air Max Campaign Shoot Behind 👟 | NewJeans
27,[Jeans' ZINE] 조금 이른 봄놀이 EP.2 비가 와도 직진 직진🛶 | NewJeans
28,⏰Sleeping beauty…🥀 #NewJeans #뉴진스 #NewJeans_is_Everywhere
29,I'm kickin' back and I'm #NewJeans #뉴진스 #NewJeans_is_Everywhere
30,productive baby 👼 #NewJeans #뉴진스#NewJeans_is_Everywhere
31,Finding Bunnies #NewJeans #뉴진스 #Bunnies_Membership #Bunnies_Club
32,
33,
34,NewJeans (뉴진스) 'Attention' Official MV
35,NewJeans Attention Lyrics (뉴진스 Attention 가사) (Color Coded Lyrics)
36,BABYMONSTER - ‘SHEESH’ M/V
37,ILLIT (아일릿) ‘Magnetic’ Official MV
38,BTS (방탄소년단) 'Dynamite' Official MV
39,NewJeans (뉴진스) 'ETA' Official MV (Performance ver.)
40,NewJeans 'Super Shy' Lyrics (뉴진스 Super Shy 가사) (Color Coded Lyrics)
41,GODS (ft. 뉴진스) (공식 뮤직 비디오) | 2023 월드 챔피언십 주제곡 - 리그 오브 레전드
42,새 국면 맞은 '민희진의 난' 뉴진스 탄원서로 '반격' [뉴스.zip/MBC뉴스]
43,[뮤뱅 원테이크 4K] 뉴진스(NewJeans) 'Attention' 4K Bonus Ver. @뮤직뱅크(Music Bank) 220805
44,"[뉴진스] 충격 뉴진스 위약금 ""6천억원 토해내야"" (""New Jeans"" must pay $500 million as penalty when leaving HYBE)"
45,NewJeans (뉴진스) 'Hype Boy' Official MV (Performance ver.1)
46,NewJeans 'OMG' Lyrics (뉴진스 OMG 가사) (Color Coded Lyrics)
47,NewJeans (뉴진스) 'OMG' Official MV (Performance ver.1)
48,[뉴진스] 강고양이 소화력 미쳤다
49,"데뷔부터 3월까지 뉴진스 멤버 인기순위 From our debut until now, who is the member of NewJeans? (22.8~24.3)(브랜드평판#민희진"
50,뉴진스를 공개 응원한 아이돌
51,갓 태어난 뿌까팜🦦
52,
53,
54,뉴진스와 함께할 새로운 계절을 기다리며🌊 'Attention'부터 'OMG'까지 뉴진스 무대 몰아보기 | NewJeans Music Bank Stage Compilation
55,NewJeans (뉴진스) 'Ditto' Performance Video
56,뉴진스랑 뭐가 다르냐는 질문에 대답한 아일릿
57,뉴진스 까계정 팔로우한 아일릿멤버?
58,르세라핌 아직 정신 못차린듯
59,'뉴진스'와 멕시코 걸그룹 '진스'
60,
61,
62,NewJeans 'Ditto' Lyrics (뉴진스 Ditto 가사) (Color Coded Lyrics)
63,NewJeans(뉴진스) - Ditto @인기가요 inkigayo 20230115
64,뉴진스 조롱한 것 같다는 아일릿 영상 #shorts
65,쏘스뮤직 연습생이었다는 뉴진스 멤버들? #shorts
66,'컨셉 유출?' 뉴진스 스타일리스트 협박한 하이브
67,뉴진스 멤버들 실물 #뉴진스 #shorts
68,
69,
70,"""전쟁이구나""…'아일릿' 공식 SNS, '뉴진스' 악플러 팔로우 논란 / SBS / 스브스픽"
71,New Jeans
72,NewJeans 'New Jeans (ft. The Powerpuff Girls)' Lyrics (뉴진스 New Jeans 가사) (Color Coded Lyrics)
73,"피식대학 지역 비하 '시끌'…해당 업주도 ""조금 무례했지요"" #소셜픽 / JTBC 아침&"
74,[예고] 뉴진스(New Jeans) - Cool with you [코리아 온 스테이지 - 뉴제너레이션] | KBS 방송
75,NewJeans (뉴진스) 'Ditto' Official MV (side A)
76,[#코리아온스테이지] 뉴진스 티저 | KBS 240521 방송
77,NewJeans 'Bubble Gum' Lyrics (뉴진스 Bubble Gum 가사) (Color Coded Lyrics)
78,뉴진스멤버들 오열중
79,쏘스뮤직 연습생이었다는 뉴진스 멤버들? #shorts
80,반전이라는 민희진 평소 말투 뉴진스 앞에서는 딴사람
81,[뉴진스] 갓 일어난 얼굴 실화냐
82,뉴진스 조롱한 것 같다는 아일릿 영상 #shorts
83,
84,
85,"방시혁과 르세라핌, 그리고 뉴진스"
86,NewJeans (뉴진스) 'Hype Boy (하입보이)' 가사 (Color Coded Lyrics)
87,"법원에 탄원서 낸 뉴진스 멤버들‥""민 대표 해임 안 돼"" (2024.05.18/뉴스데스크/MBC)"
88,Hype 'V'oy with #BTS #V 🧸#NewJeans #뉴진스 #NewJeans_HypeBoy#Time_to_NewJeans
89,다니엘 생일 라이브에 하니 민지가 나타나자 생긴 일 #danielle #newjeans
90,민희진 진짜 뭐냐.. '뉴진스' 숙소 공개
91,헐.. 뉴진스와 민희진! 드디어 함께 하이브 탈출?!
92,
93,
94,민희진 나가면 '뉴진스'는 어떻게 되냐고?
95,뉴진스 사이비 폭로 계정? 소름이라는 떡밥 ㄷㄷ
96,알고보면 소름돋는 뉴진스 데뷔 과정 ㄷㄷ
97,민희진 광고업계 종사자가 올린 글
98,눈을 의심하게 만든 충격적인 아이돌 사진 TOP3 #아이브 #뉴진스
99,하이브 아니고 어도어라고 말하는 민지 혜인
100,
101,
102,뉴진스 신곡 카피? 공개하자마자 저격당한 현재상황
103,뉴진스 하니 어머니가 민희진에게 준 '이것'
104,GODS (ft. 뉴진스) (공식 뮤직 비디오) | 2023 월드 챔피언십 주제곡 - 리그 오브 레전드
105,[4K] NewJeans (뉴진스) Hype Boy (하입보이) 교차편집 (Stage Mix)
106,대퓨님도 보고 놀랄 뉴진스의 프로아이돌 모먼트🐰
107,뉴진스 멤버들이 민희진 편을 들 수 밖에 없는 이유
108,뉴진스 신곡 카피? 공개하자마자 저격당한 현재상황
109,뉴진스 하니 어머니가 민희진에게 준 '이것'
110,
111,
112,New Jeans
113,NewJeans 'New Jeans (ft. The Powerpuff Girls)' Lyrics (뉴진스 New Jeans 가사) (Color Coded Lyrics)
114,버블검🧼처럼 청량하고💙 바라만 봐도 행복해지는 아기토끼들🐰 뉴진스(NewJeans) 무대모음 | #소장각 | KBS 방송
115,뉴진스 Right Now MV Teaser 공개
116,뉴진스 르세라핌 데뷔 당시 대우 비교해보자
117,안은진: 뉴진스하니가저를봤다니까요?
118,이제서야 이해된다는 과거 뉴진스 행동들 ㄷㄷㄷ 소름주의
119,
120,
121,뉴진스 (NewJeans) _ OMG | 1theKILLPO | 원더킬포 | 킬포인트 | 퍼포먼스 | Performance | 4K | 민지 하니 다니엘 해린 혜인
122,Newjeans 뉴진스 - Bubble Gum (버블보이)
123,민희진 기자회견에 대한 답변
124,결국 헤어지게 될 것 같다는 뉴진스와 민희진..ㄷㄷ
125,'방시혁 유치해' 뉴진스 부모님의 충격 폭로
126,뉴진스 첫 미국공연 관객반응ㄷㄷ 라이브 논란??
127,
128,
129,Hype boy - 뉴진스(NewJeans) [뮤직뱅크/Music Bank] | KBS 220819 방송
130,"뉴진스, ‘Hype boy & Attention’ 축하공연 [제43회 청룡영화상 시상식] | KBS 221125 방송"
131,뉴진스 슈퍼샤이 처음 들은 외국인 찐반응
132,안은진: 뉴진스하니가저를봤다니까요?
133,데뷔 초에 OMG 안무 스포한 뉴진스 #newjeans #omg
134,현재 논란의 중심이된 뉴진스 아이폰 무대
135,
136,
137,[사건영상] 뉴진스-아일릿 비교 영상 얼마나 똑같길래? / 채널A
138,NewJeans 'Super Shy' Lyrics (뉴진스 Super Shy 가사) (Color Coded Lyrics)
139,베테랑 디올 언니들 사이 아기 같은 뉴진스 해린 #shorts
140,하입보이는 같이 춰야 제맛
141,OMG 1위 앵콜 라이브
142,콩쥐의 돌변? 뉴진스 갑자기 이러네?ㅋㅋ
143,시술 의심 받았던 '뉴진스 혜인'
144,
145,
146,"민희진 뉴진스 뒷담, 진짜일까?"
147,[BE ORIGINAL] NewJeans(뉴진스) 'Attention' (4K)
148,뉴진스 다니엘 친언니 가수데뷔..! 목소리 닮았음ㄷㄷ
149,황당함 주의;;; 하이브가 뉴진스 데뷔 전 예상했던 뉴진스 성적
150,민희진이 꽂혔던 뉴진스 민지 '데뷔 전'
151,'뇌절vs이해간다' 뉴진스 부모님의 지적
152,
153,
154,NewJeans(뉴진스) - Super Shy @인기가요 inkigayo 20230716
155,[LIVE] 뉴진스님(NewJeansNim) - 극락왕생 | 두시탈출 컬투쇼
156,NewJeans(뉴진스) - New Jeans @인기가요 inkigayo 20230716
157,New Jeans
158,하이브 아니고 어도어라고 말하는 민지 혜인
159,뉴진스 다니엘 친언니 가수데뷔..! 목소리 닮았음ㄷㄷ
160,뉴진스 최애
161,뉴진스가 베꼈다는 멕시코 걸그룹 '진스'
162,
163,
164,NewJeans 'New Jeans (ft. The Powerpuff Girls)' Lyrics (뉴진스 New Jeans 가사) (Color Coded Lyrics)
165,#playlist | 그냥 뉴진스가 좋아서요
166,"뉴진스 멤버 부모, '전속계약 분쟁' 전문 변호사 선임 / 연합뉴스TV (YonhapnewsTV)"
167,뷔가 민희진에게 연락한 이유 #뉴진스
168,'뇌절vs이해간다' 뉴진스 부모님의 지적
169,민희진 기자회견에 대한 답변
170,르세라핌 뉴진스 이 만남 기쁘다
171,
172,
173,"NewJeans 뉴진스 'Bubble Gum'(250 외 작곡) 표절아닌 유사성 비교, Shakatak - Easier Said Than Done"
174,방시혁이 뉴진스 다니엘을 데뷔조에서 제외시키려고 했던 이유
175,시술 의심 받았던 '뉴진스 혜인'
176,뉴진스 민지 다니엘 공식석상에서 보인 이 표정..ㅠㅠ
177,"하이브에서 돌연 활동 종료했던 여자친구, 뉴진스는 어떻게 될까?"
178,실제로 뉴진스 부모님도 항의했다는 아일릿 뉴진스 조롱 장면 ㄷㄷ
179,
180,
181,"""맛있는 거 보내줄까""...뉴진스 MV 감독, 민희진과 나눈 대화 공개 [지금이뉴스] / YTN"
182,"방시혁의 뉴진스 홀대? ""모른 척하고 인사 외면""…""말도 안 되는 주장""｜지금 이 뉴스"
183,뉴진스 콜라보 아티스트 논란
184,실제로 뉴진스 부모님도 항의했다는 아일릿 뉴진스 조롱 장면 ㄷㄷ
185,뷔가 민희진에게 연락한 이유 #뉴진스
186,이제 보니 소름돋는 뉴진스 ETA 가사 숨겨진 의미
187,
188,
189,Side B - 절망편 | 하이브 단월드 관계설로 해석한 Ditto 뮤비 해석 | NewJeans (뉴진스) - Ditto [가사/해석/lyrics]
190,"""르세라핌 있고 뉴진스 없다""…민희진 폭로 후 방시혁 인스타 재조명 / KNN"
191,뉴진스 부모님들이 직접 나섰다
192,"뉴진스가 'Lucky Girl Syndrome'을 커버한다면? (원곡: 아일릿, AI 커버)"
193,르세라핌 뉴진스 이 만남 기쁘다
194,OMG “그 파트“
195,
196,
197,NewJeans(뉴진스) - Hype Boy @인기가요 inkigayo 20220821
198,NewJeans(뉴진스) - ETA @인기가요 inkigayo 20230723
199,만약 뉴진스가 '3대 기획사' 소속이었다면...
200,민희진의 뉴진스 뒷담화? 충격적인 대화 공개..
201,알고보면 소름돋는 뉴진스 경복궁 무대의 비밀
202,뉴진스 인사 무시? 소름이라는 이것;;
203,
204,
205,NewJeans (뉴진스) 'Hype Boy' Official MV (MINJI ver.)
206,뉴진스 멤버들 탄원서에 ‘제2의 피프티피프티 사태’? [잇슈 컬쳐] / KBS 2024.05.20.
207,NewJeans(뉴진스) - OMG @인기가요 inkigayo 20230129
208,"뉴진스(NewJeans), 상큼하고 발랄한 무대 ＜Tell Me(원더걸스)♬＞ #SBS가요대전 #SBSenter"
209,[K-Choreo 8K HDR] 뉴진스 직캠 'New Jeans' (NewJeans Choreography) @MusicBank 230714
210,또 뉴진스 생각난다는 '아일릿 후속곡' 컨셉
211,'뉴진스는 못 끼는' 하이브 친목?
212,느슨해진 방송국에 뉴진스를 줘
213,NewJeans 'Cool With You' Lyrics (뉴진스 Cool With You 가사) (Color Coded Lyrics)
214,뉴진스 민지 사과 어떻게 생각하세요
215,[단독샷캠4K] 뉴진스 'Ditto' 단독샷 별도녹화│NewJeans ONE TAKE STAGE @SBS Inkigayo 230115
216,New Jeans - 뉴진스(NewJeans) [뮤직뱅크/Music Bank] | KBS 230714 방송
217,뉴진스 vs 아일릿 안무가 얼마나 똑같길래?? #shorts
218,또 뉴진스 ‘안무 훔친' 아일릿..
219,NewJeans (뉴진스) 'Attention' Official MV (Performance ver.)
220,(SUB) 뉴진스~💕 예능에서 제일 나쁜 사람 만났으니까 이제 뭐든 할 수 있어요ㅣep.113
221,이것까지 따라했다고?!ㄷㄷ 참다참다 폭발한 뉴진스 안무가 인스타 저격글
222,[제49회 한국방송대상 시상식] 축하공연 - 뉴진스 Attention [제 49회 한국방송대상] | KBS 220905 방송
223,NewJeans(뉴진스) - Cookie @인기가요 inkigayo 20220807
224,경복궁 근정전 밝힌 뉴진스…“한국의 미 뽐냈다!” [9시 뉴스] / KBS 2024.05.16.
225,뉴진스 조롱한 것 같다는 아일릿 영상 #shorts
226,[뉴진스] 하찮게 웃는 하니도 귀여운
227,"아일릿, 도넘은 뉴진스 베끼기"
228,[뉴진스] 모든 타이틀곡에서 후렴 센터를 맡은 멤버 #해린 #shorts
229,[NewJeans - Attention] Hot Debut Stage | #엠카운트다운 EP.764 | Mnet 220804 방송
230,뉴진스 코카콜라 새로운 CF #Hanni #ハニ #NewJeans
231,[FULL] 🤟극락도 ROCK이다🤟 세상에서 가장 힙한 뉴진스님 보는 라디오 | 두시탈출 컬투쇼 | 240515
232,[뉴진스] 해린이 데뷔 14일만에 걸그룹 올타임 레전드 찍은 장면 (업스케일링)
233,[4K] NewJeans (뉴진스) Attention (어텐션) 교차편집 (Stage Mix)
234,What did IU give them at her concert? 😂 #newjean #뉴진스 #kpop
235,NewJeans (뉴진스) 'Hype Boy' Dance Practice
236,다니엘 생일 라이브에 하니 민지가 나타나자 생긴 일 #danielle #newjeans
237,"미 시상식 진행자 뉴진스 때문에 당황, 진행 중단 (feat. 빌보드 위민 인 뮤직), 장난 아니네"
238,"[현장영상] ""예정대로 뉴진스 뮤직비디오 공개 되나요?"" 질문에… / 채널A"
239,방시혁이 보고도 무시했다는 뉴진스 인사하는 장면 모음
240,속사정 밝혀짐
241,해 뜨기 전이 가장 어둡다. | #뉴진스님 #눈물주의 #동기부여 #유퀴즈
242,[NewJeans - Cookie] Hot Debut Stage | #엠카운트다운 EP.764 | Mnet 220804 방송
243,아일릿 뉴진스 카피🧅까도 까도 또 나오네
244,뉴진스 버블검 vs 샤카탁 Easier Said Than Done 표절 논란 왜?
245,파워퍼프걸로 변신한 뉴진스 🎀 𝙉𝙚𝙬𝙅𝙚𝙖𝙣𝙨 - 𝙉𝙚𝙬 𝙅𝙚𝙖𝙣𝙨 [한글 가사/해석]
246,뉴진스 역대 발매곡 슈퍼리믹스 (Full Ver.)
247,NewJeans (뉴진스) 'Right Now' Official MV Teaser
248,𝐄 𝐓 𝐀 #NewJeans #뉴진스#NewJeans_ETA #NewJeans_is_Everywhere
249,결국 뉴진스도 봐버린 짤들
250,160억 뉴진스 VS 1500억 아일릿
251,뉴진스 팬싸인회 논란
252,
253,
254,뮤비감독 작업실가서 연습하는ㅋㅋ #뉴진스 #tellme
255,이재용·방시혁·쿠팡의 공통점은?‥'하이브'도 대기업 집단 (2024.05.15/뉴스데스크/MBC)
256,뉴진스 해린님과 함께한 ANTIFRAGILE! 💪🐱 #LE_SSERAFIM #르세라핌 #홍은채 #NewJeans #뉴진스 #해린 #ANTIFRAGILE #shorts
257,[뉴진스] 당황한 다니엘..도 맑다
258,불난 뉴진스 상황에 부채질할 뻔한 세븐틴 멤버 #shorts
259,[뉴진스] 강고양이 소화력 미쳤다
260,
261,
262,뉴진스 사태로 아리아나 그란데가 하이브 탈주했던 이유 미국에서 재조명…
263,NewJeans(뉴진스) - OMG @인기가요 inkigayo 20230115
264,하이브가 예상한 뉴진스 성적
265,르세라핌 뉴진스 이 만남 기쁘다
266,뉴진스 리허설 라이브 발성 무엇
267,대퓨님 인스타에 올라온 뉴진스 #Hanni #ハニ #NewJeans
268,
269,
270,'뉴진스 험담' 메시지까지 여과 없이…'폭로전' 된 경영권 갈등 / JTBC 뉴스룸
271,[릴레이댄스] NewJeans(뉴진스) - Attention (4K)
272,"2023년은 토끼해라던데!?🐰 Attention부터 Hype boy, Hurt까지 뉴진스 모든 무대 몰아보기 | NewJeans Stage Compilation"
273,'뉴진스님'에 화난 이 나라? 국회의원이 ＂입국 막아 달라＂ | 이슈픽 zip
274,NewJeans Attention Lyrics (뉴진스 Attention 가사) (Color Coded Lyrics)
275,아일릿 vs 뉴진스 소름돋는 이 안무? ㄷㄷ
276,뉴진스 부모님들이 나선 이유.. 소름돋는 증거 왜?
277,[뉴진스] 김민지 동생들에게 기빨리다
278,뉴진스 해린님과 함께한 ANTIFRAGILE! 💪🐱 #LE_SSERAFIM #르세라핌 #홍은채 #NewJeans #뉴진스 #해린 #ANTIFRAGILE #shorts
279,[NewJeans - Hype Boy] Hot Debut Stage | #엠카운트다운 EP.764 | Mnet 220804 방송
280,[뉴진스] 킴민지!!!! 모음
281,해 뜨기 전에 가장 어둡다 뉴진스님 윤성호
282,NewJeans (뉴진스) – Hype Boy Lyrics (Color Coded Han/Rom/Eng)
283,민희진 나가면 뉴진스 1년반 쉬어
284,NewJeans (뉴진스) 2023 MMA Dance Practice
285,NewJeans (뉴진스) 'Hype Boy' Special Performance Video
286,Attention - 뉴진스(NewJeans) [뮤직뱅크/Music Bank] | KBS 220805 방송
287,'컨셉 유출?' 뉴진스 스타일리스트 협박한 하이브
288,대퓨님도 보고 놀랄 뉴진스의 프로아이돌 모먼트🐰
289,뉴진스 뽀삐뽀 모음.zip 📁
290,뉴진스님 좋아합니다
291,[지금뉴스] 뉴진스 컴백 코앞 본격 활동 시동…‘경복궁 공연’에 ‘1박2일’까지 / KBS 2024.05.14.
292,[뉴진스] 갓 일어난 얼굴 실화냐
293,Someone please stop Dani 😂 #newjeans #뉴진스 #kpop
294,"""꾹 참았는데"" 뉴진스 안무가도 등판…""이건 뭐 죄다 복붙"" #소셜픽 / JTBC 아침&"
295,[릴레이댄스] NewJeans(뉴진스) - Hype Boy (4K)
296,NewJeans (뉴진스) 'Hype Boy' Stage Cam @ HONGIK UNIVERSITY
297,"방시혁의 아일릿, 민희진의 뉴진스…한 식구끼리 싸우는 이유, 깔끔하게 정리해드립니다 / SBS / 김태현의 정치쇼"
298,뉴진스 보고 표정관리 안되는 배우들 ㅋㅋㅋ
299,NewJeans (뉴진스) 'Attention' Dance Practice (ver.3)
300,NewJeans (뉴진스) - Bubble Gum [Audio]
301,[제38회 골든디스크] NewJeans (뉴진스) - 'Cool With You + Ditto' ♪｜JTBC 240106 방송
302,이제보면 ㅈㄴ의미심장하다는 르세라핌 뉴진스 첫만남 장면 ㄷㄷ
303,뉴진스맘이라는 민희진의 충격 카톡
304,뉴진스 (NewJeans) - Intro + Attention + Hype boy [2022 KBS 가요대축제] | KBS 221216 방송
305,[앵콜캠4K] 뉴진스 'Attention' 인기가요 1위 앵콜 직캠 (NewJeans Encore Fancam)│@SBS Inkigayo 220828
306,Baby we're GODS 🤍 #NewJeans #뉴진스 #NewJeans_GODS #Time_to_NewJeans
307,뉴진스_어텐션_댓글모음
308,[Jeans’ ZINE] NewJeans Bakery EP.1
309,OMG 뮤비 충격씬 #뉴진스 #대박
310,"뉴진스 진짜 문제는 7월부터…미 언론도 ""통제력 잃을 것"" #뉴스다 / JTBC News"
311,NewJeans (뉴진스) 'Cookie' Official MV
312,[안방1열 풀캠4K] 뉴진스 'OMG' (NewJeans FullCam)│@SBS Inkigayo 230115
313,08년생 혜인이에게 어텐션
314,[단독샷캠4K] 뉴진스 'OMG' 단독샷 별도녹화│NewJeans ONE TAKE STAGE @SBS Inkigayo 230129
315,"New Jeans (뉴진스) - ""Hype Boy"" AKARAKA (아카라카) [Close Up]"
316,"민희진 ""가만히 있어도 천 억 버는데 미쳤다고 내부 고발?""...뉴진스 멤버·부모님 얘기하다 '오열' (현장영상) / SBS"
317,[뉴진스] 시무륵한 하니ㅠㅠㅠ
318,"'1년 11개월 만에 도쿄돔 입성' 뉴진스, 이 와중에 놀라운 기록 [지금이뉴스] / YTN"
319,김수현 김지원 망붕 대형 떡밥 김지원 덕분에 담배도 끊어버리다니
320,NewJeans (뉴진스) 'Hype Boy' Official MV (HANNI ver.)
321,"안면인식장애 때문에 외면?…""뉴진스에 긴 휴가 주겠대요"" / SBS / 스브스픽"
322,NewJeans (뉴진스) 'Hype Boy' Official MV (DANIELLE&HAERIN ver.)
323,[뉴스모아] 진흙탕 싸움에도 뉴진스 '굳건'…하이브 '사이비 종교' 논란까지 / YTN
324,뉴진스 뮤비에 숨겨져 있던 충격적인 자막
325,[SUB] [뮤비해석] 뭐야 왜 이렇게 무서와요... | 뉴진스 ‘Ditto’ MV Explained
326,[K-Choreo 8K HDR] 뉴진스 직캠 'Ditto' (NewJeans Choreography) l @MusicBank 230120
327,NewJeans(뉴진스) - OMG @인기가요 inkigayo 20230129
328,[4K] NewJeans(뉴진스) “Ditto” Band LIVE Concert Ditto HOLIDAY BAND LIVE🎄 [it’s KPOP LIVE 잇츠라이브]
329,[뉴진스] 다니엘의 극락말투.. 무해하다 무해해
330,Ditto - 뉴진스(NewJeans) [뮤직뱅크/Music Bank] | KBS 230120 방송
331,[뉴진스] 모지혜 찐광기 시절 #뉴진스 #newjeans #다니엘
332,댄브 레전드 다시 쓴 해린이 #뉴진스 #newjeans #해린
333,드디어 만난 뉴진스 르세라핌
334,"""방시혁, 뉴진스 인사도 안 받아""…하이브 ""부모까지 방패 삼는 민희진"" / SBS / 스브스픽"
335,Hype boy - 뉴진스(NewJeans) [뮤직뱅크/Music Bank] | KBS 220812 방송
336,NewJeans (뉴진스) 'Hype Boy' Official MV (HYEIN ver.)
337,GODS (ft. 뉴진스) (공식 뮤직 비디오) | 2023 월드 챔피언십 주제곡 - 리그 오브 레전드
338,[전체공개]뉴진스님 '부처핸섬'에 야단법석 중생들!.. 나 몰래 또 재밌는거 하는 서울국제불교박람회 직관하고 옴
339,"'뉴진스 계약 해지냐, 아니냐'…하이브-어도어 또 세게 붙었다｜지금 이 뉴스"
340,NewJeans (뉴진스) 'Hype Boy' Official MV (Performance ver.2)
341,뉴진스 해체 위기 빠지나...탄원서 제출에 '피프티피프티 사태' 교훈 잊었나 비판 나온 이유...법원 판결에 방시혁 민희진 운명 갈리나...전홍준에 안성일+삼푼이 '폭망' #뉴진스
342,충격 단독! 뉴진스 자료 공개합니다
343,[단독샷캠4K] 뉴진스 'Attention' 단독샷 별도녹화│NewJeans ONE TAKE STAGE @SBS Inkigayo 220807
344,NewJeans (뉴진스) 'OMG' Dance Practice
345,방시혁이 무시한(?) 뉴진스 인사
346,NewJeans (뉴진스) 'Hurt' Official MV
347,NewJeans Hurt Lyrics (뉴진스 Hurt 가사) (Color Coded Lyrics)
348,뉴진스 새로운 멤버 발표😳!!!포닝
349,NEWJEANS (뉴진스) PLAYLIST ALL SONGS
350,민희진 뉴진스 비하 진짜일까? 개뚱뚱 개초딩
351,NewJeans (뉴진스) - Hype Boy 「Official Audio」
352,뉴진스 수학여행 패션 | NewJeans
353,"민희진이 숨겨놓은 또 다른 계정, 반지연?"
354,"'뉴진스' 4세대 걸그룹 끝판왕, 당신이 몰랐던 재밌는 사실들 (통합 ver.)"
355,NewJeans (뉴진스) 'Hype Boy (하입보이)' 가사 (Color Coded Lyrics)
356,분쟁에도 중단 없다…뉴진스 예정대로 컴백 프로모션 / SBS / 스브스픽
357,[뉴진스] 세상 무해한 뉴진스 관계성.zip 📁
358,뉴진스 르세라핌까지 따라했다고 말 나오는 하이브 신인걸그룹 “아일릿”
359,민희진이 뉴진스 해린의 디올 앰버서더 계약을 파토낸 이유
360,SM의 살아있는 전설 민희진(이 참여한) 작품 모음 3탄 #shorts
361,뉴진스가 베꼈다는 멕시코 걸그룹 '진스'
362,"""방시혁, 멤버 인사 무시했다""...뉴진스 부모가 보냈다는 메일 보니 [지금이뉴스] / YTN"
363,NewJeans(뉴진스) 'Hurt' Special Video
364,[뉴진스] 두번은 당하지 않는 하니
365,"뉴진스 부모들 의견서 공개돼…하이브 측 ""사실 아냐"" / SBS / 굿모닝연예"
366,뉴진스 버블검 샘플링 & 표절 완벽 비교
367,와.... 괜히 뉴진스 프로듀서로 영입된 게 아니네
368,ASAP - 뉴진스(NewJeans) [뮤직뱅크/Music Bank] | KBS 230825 방송
369,"뉴진스, 부모 건의안 공개…멤버들은 ‘1박2일’ 출연 [잇슈 연예] / KBS 2024.05.14."
370,뉴진스 도쿄돔 팬미팅은 매진인데...소속사 하이브-민희진 폭로전은 소나기｜지금 이 장면
371,[단독샷캠4K] 뉴진스 'Cool With You' 단독샷 별도녹화│NewJeans ONE TAKE STAGE @SBS Inkigayo 230723
372,하입보이는 같이 춰야 제맛
373,[Jeans' ZINE] 조금 이른 봄놀이 EP.1 날씨의 배신🌧 | NewJeans
374,[입덕직캠] 뉴진스 하니 직캠 4K 'Hype Boy' (NewJeans HANNI FanCam) | @MCOUNTDOWN_2022.8.4
375,NewJeans (뉴진스) 2022 MMA Dance Practice (Cookie+Hype Boy+Attention)
376,ETA - 뉴진스(NewJeans) [뮤직뱅크/Music Bank] | KBS 230804 방송
377,[뉴진스/하니] 팜하니 한국어&영어 갭차이🐣
378,"뉴진스, ‘INTRO + ETA & Super Shy’ 축하공연 [제44회 청룡영화상 시상식] | KBS 231124 방송"
379,Kitty Kang's never ending sneezing 😂 #newjeans #뉴진스 #kpop
380,NewJeans (뉴진스) 'Hurt (250 Remix)' Special Video
381,"뉴진스[NewJeans], 하이브가 찾아낸 뉴진스 멤버들의 캐스팅 일화(ENG, ESP, INDO)"
382,OMG 1위 앵콜 라이브
383,뉴진스 버블검 표절 논란의 진짜 이유..ㄷㄷ
384,[르세라핌] 뉴진스와 같이 연습했던 르세라핌 멤버
385,뉴진스 민지가 이번사태에 대해 한말
386,[뉴진스 해린] 강해린 남돌 춤 모음
387,'엔터사 최초 대기업' 하이브...시험대 오른 '총수' 방시혁 / YTN
388,[4K] NewJeans(뉴진스) “Attention” Band LIVE Concert 뉴진스의 청량 하이틴 밴드라이브💫 [it’s KPOP LIVE 잇츠라이브]
389,민지는 못말려🫥뉴진스 포닝
390,[뮤뱅 원테이크 4K] 뉴진스(NewJeans) 'Ditto' 4K Bonus Ver. @뮤직뱅크(Music Bank) 230120
391,[맥도날드x뉴진스] 뉴진스와 함께 Chicken Dance!
392,뉴진스 민지 뒤를 잇는 어도어 보이그룹 오디션 영상 #shorts
393,[안방1열 풀캠4K] 뉴진스 'Ditto' (NewJeans FullCam)│@SBS Inkigayo 230115
394,"뉴진스, '영국박물관' 한국어 오디오 가이드 재능기부 / SBS / 굿모닝연예"
395,NEWJEANS (뉴진스) PLAYLIST ALL SONGS
396,진흙탕 싸움에 뉴진스 부모도 참전 | 뉴스TOP 10
397,"뉴진스, 법원에 개인 명의 탄원서 제출 / KBS 2024.05.18."
398,민희진 후폭풍에도…속내 밝힌 ‘뉴진스 민지’ | 강력한 4팀
399,이쯤에서 다시보는 뉴진스의 시작 Attention
400,[앵콜캠4K] 뉴진스 'OMG' 인기가요 1위 앵콜 직캠 (NewJeans Encore Fancam)│@SBS Inkigayo 230115
401,"""전쟁이구나""…'아일릿' 공식 SNS, '뉴진스' 악플러 팔로우 논란 / SBS / 스브스픽"
402,[뉴진스] 피식하면 끝난 겨 EP.2
403,[뉴진스] 극한직업 김민지
404,"뉴진스 카톡공개, 어이없네 하이브"
405,"""하이브, 뉴진스 차별 대우"" vs ""민희진, 뉴진스 가스라이팅…돈에 관심""｜지금 이 뉴스"
406,"아일릿 새 안무에…뉴진스 안무가들 ""죄다 복붙"" 결국 폭발 / SBS / 스브스픽"
407,뉴진스ㅣ요즘 아이돌과 달라보이는 이유
408,뒤늦게 터진 뉴진스 표절 의혹.. ㄷㄷ (feat.아일릿)
409,NewJeans (뉴진스) 'Zero' Performance Video
410,NewJeans (뉴진스) 'ASAP' Teaser
411,뉴진스 해린 ETA 실물 춤선 느낌
412,'마름모 하트'까지 뺏겨버린 뉴진스
413,뉴진스님 이제는 헌다도 한다 #부처님사리이운식 #부처님사리이운기념다례재 #뉴진스님 #불교
414,"힙합,뉴잭스윙 믿고보는 뉴진스 댄브 #newjeans"
415,뉴진스 컴백 앞두고 벌어진 초유의 사태...하이브-어도어에 무슨 일이 [뉴스픽] / KBS 2024.04.22.
416,Super Shy - 뉴진스(NewJeans) [뮤직뱅크/Music Bank] | KBS 230714 방송
417,[앵콜캠4K] 뉴진스 'Ditto' 인기가요 1위 앵콜 직캠 (NewJeans Encore Fancam) | @SBS Inkigayo 230129
418,[단독샷캠4K] 뉴진스 'Hype Boy' 단독샷 별도녹화│NewJeans ONE TAKE STAGE @SBS Inkigayo 220821
419,[4K] NewJeans(뉴진스) - 'OMG' | Performance Clip #Multiview #NewJeans
420,'160억vs1500억' 뉴진스와 아일릿 데뷔 차별
421,NewJeans (뉴진스) 'OMG' Official MV (Performance ver.3)
422,"“결국 지나갈 거야”.... 뉴진스 다니엘X민지, 하이브vs민희진 분쟁 속 심경고백 #newjeans #minheejin #hybe"
423,은근 많다는 뉴진스 민지 닮은꼴 모음
424,[4K MIRRORED] NewJeans(뉴진스) - 'OMG' (오엠지) 안무 거울모드(Dance Practice Mirrored)
425,[리무진 서비스 클립] 와르르 ♥ | 뉴진스 하니 | NewJeans HANNI
426,치킨댄스 챌린지 팜하니
427,뉴진스 OMG 씹덕 풀버전
428,(민)희진이가 엄청 혼났던 그날?…뉴진스 'ETA'에 숨겨진 의미 feat. 빈지노
429,NewJeans 뉴진스 - Hype Boy (Citypop ver.) 시티팝 버전
430,[뉴진스] 그루브 넘치는 풋워크
431,NewJeans (뉴진스) 'Cookie' Dance Practice
432,NewJeans (뉴진스) 'Tell me (FRNK Remix)'
433,NewJeans(뉴진스) - Cool With You @인기가요 inkigayo 20230813
434,꾸준히 실력논란 되고 있는 아일릿 원희 #shorts
435,방시혁이 뉴진스에 추가영입 하겠다는 하이브 연습생의 놀라운 정체
436,NewJeans (뉴진스) 'Attention' 보컬은 왜 뭔가 다르게 들릴까?
437,[Jeans' ZINE] 봄맞이 피크닉 EP.2 다시 찾아온 엉망잔칭의 기운 💭 | NewJeans
438,[2022 MAMA] NewJeans - Cookie+Attention+Hurt+Hype boy (MAMA ver.) | Mnet 221130 방송
439,"'BTS·뉴진스' 하이브, 엔터사 최초 대기업집단 지정 / 연합뉴스TV (YonhapnewsTV)"
440,뉴진스 부모님들이 나선 이유.. 소름돋는 증거 왜?
441,(ENG)라따따따 내 심장을 울린~ ★뉴진스★의 A to Z🥰 #highlight #highlight#유퀴즈온더블럭 | YOU QUIZ ON THE BLOCK EP.172
442,💚 Haerin 해린 😺 BIRTHDAY | 240515 | 🔴 Phoning LIVE | NewJeans 뉴진스
443,[MPD직캠] 뉴진스 직캠 8K 'Cookie' (NewJeans FanCam) | @MCOUNTDOWN_2022.8.4
444,[ENG] 뉴진스 초대석
445,"“민희진과 같은 뜻”…뉴진스 전원, 탄원서 제출 | 뉴스TOP 10"
446,Hanni had enough 😂 #newjeans #뉴진스 #kpop
447,"뉴진스, 음악 PD·디자이너 히로시 후지와라와 협업 / YTN"
448,10년차 작곡가가 뉴진스 'Ditto' 듣고 놀란이유??
449,강해린 혼자 이상한 거 먹는다
450,[K-Choreo 8K] 뉴진스 직캠 'Hype Boy' (NewJeans Choreography) l @MusicBank 220812
451,[Full Album] NewJeans (뉴진스) - Get Up
452,NewJeans(뉴진스) - Ditto 교차편집(stage mix)
453,NewJeans (뉴진스) 'OMG' Official MV (Performance ver.2)
454,뉴진스 텔미 #newjeans#tell me
455,"[ENG,JPN] 뉴진스 NEW JEANS, '코리아 온 스테이지(Korea on Stage)' 걸그룹 첫 경복궁 무대 참여 소감 인터뷰"
456,[K-Choreo 8K] 뉴진스 직캠 'Super Shy' (NewJeans Choreography) @MusicBank 230714
457,221129 뉴진스 하니 NewJeans HANNI WA DA DA MAMA 직캠
458,NewJeans (뉴진스) - 'Attention' (Funk Remix) (Prod. MINDA)
459,뉴진스 입장 공개! 부모님 변호사 총출동
460,[뉴진스] 강떤여자 막내에게 존댓말 모음
461,"KBS '2024 코리아 온 스테이지' 경복궁 근정전, 뉴진스 무대 메이킹 영상 l KBS 2024 Korea On Stage, NewJeans stage MAKING FILM"
462,뉴진스 인사를 씹었다? 민희진 소름돋는 탈 하이브 계획
463,뉴진스 목소리로 영국박물관 전시품 해설…달항아리·로마황제상 / 연합뉴스 (Yonhapnews)
464,뉴진스 깐머 VS 덮머 #shorts
465,New Jeans Full Album Playlist
466,[얼빡직캠 4K] 뉴진스 해린 'Attention' (NewJeans HAERIN Facecam) @뮤직뱅크(Music Bank) 220805
467,[뉴진스] 다니엘 감당하기
468,손절 당하는 중? 심각해보이는 아일릿 상황
469,[뉴진스 하니] BTS 슈가도 참지 못하는 그녀의 귀여움
470,파워퍼프걸이 된 뉴진스 #shorts
471,[뉴진스] 그 어려운 걸 해낸 파리 소녀들
472,"법정 간 민희진 논란...""뉴진스 보호"" VS ""돈벌이 수단"" / YTN"
473,[Mirrored] 뉴진스(NewJeans)-Hype boy(하입보이) 안무영상 안무 거울모드(Dance Practice Mirrored)
474,[뉴진스] 불호 없는 케미 다니x해린 모음
475,[자막뉴스] 법원에 등장한 뉴진스 이름 '깜짝'...민희진 지키려 직접 나섰나? / YTN
476,"뉴진스 혜인, 결국 컴백 활동 불참한다"
477,NewJeans (뉴진스) - 'Cookie' (Highschool Band Remix) (Prod. MINDA)
478,[풀버전] NewJeans (뉴진스) '다시 만난 세계(Into The New World)' - 하니 X 다니엘 (원곡:소녀시대) | Newjeans HANNI X DANIELLE
479,[페이스캠4K] 뉴진스 민지 'OMG' (NewJeans MINJI FaceCam) @SBS Inkigayo 230115
480,아일릿 또또또 표절..ㅠㅠ
481,NewJeans (뉴진스) 'Ditto' Performance Video (HAERIN ver.)
482,[에디터픽] '뉴진스' 두고 경영권 분쟁? 하루만에 7천억 증발한 하이브 / YTN
483,NewJeans (뉴진스) 'Zero' Official MV
484,킴민지가 키우는 강해린
485,침묵 깬 방시혁...'민희진 사태' 첫 입장 냈다 [지금이뉴스] / YTN
486,NewJeans(뉴진스) - Hype boy 교차편집(stage mix)
487,[페이스캠4K] 뉴진스 하니 'OMG' (NewJeans HANNI FaceCam) @SBS Inkigayo 230115
488,뉴진스 디토 Ditto 댄스 프랙티스 전문가 해외반응 리액션 한글자막 NEWJEANS DITTO DANCE PRACTICE REACTION ENG SUB react
489,[에디터픽] 뉴진스 멤버 5명 법원에 탄원서..분쟁 개입 신호탄? / YTN
490,[NewJeans - Hype Boy] #엠카운트다운 EP.767 | Mnet 220825 방송
491,[MPD직캠] 뉴진스 직캠 8K 'Hype Boy' (NewJeans FanCam) | @MCOUNTDOWN_2022.8.4
492,NewJeans (뉴진스) 'Ditto' (교차편집 Stage Mix)
493,[에디터픽] 뉴진스 멤버 5명 법원에 탄원서…첫 공식 입장 / YTN
494,"뉴진스 멤버들, 법원에 탄원서 제출…내용은 공개 안 돼 / 연합뉴스TV (YonhapnewsTV)"
495,230611 위버스콘 뉴진스 하니 'Attention' (Newjeans Hanni Fancam) 직캠 4K 60P
496,[단독샷캠4K] 뉴진스 'Cookie' 단독샷 별도녹화│NewJeans ONE TAKE STAGE @SBS Inkigayo 220807
497,'디제이' NO! '록스타' OK?…뉴진스님 차별 논란｜지금 이 장면
498,[K-Fancam] 뉴진스 해린 직캠 'New Jeans' (NewJeans HAERIN Fancam) @뮤직뱅크(Music Bank) 230714
499,NewJeans (뉴진스) 'Hype Boy' Official MV (Intro)
500,"니니모송🐱 | 뉴진스X핑크퐁X아기상어 | 니니모는 핑크퐁, 뉴진스가 가는 곳 어디든 따라갈테야🐈 | 핑크퐁 Dance Alive"
501,"[리무진서비스] EP.46 뉴진스 하니 | NewJeans HANNI | OMG, Just A Feeling, 와르르 ♥, Lucky"
502,"[자막뉴스] 뉴진스, 공식 컴백 앞두고 근정전 특별 무대…풀버전은? / KBS 2024.05.18."
503,250(이오공)이 프로듀싱했다는 MMA 2022 뉴진스 Hype Boy 댄스브레이크 파트🎹
504,[뮤뱅 캠코더📹] 뉴진스(NewJeans) 'Ditto' BanHeesoo Ver. @뮤직뱅크(Music Bank) 230120
505,"""방시혁, 뉴진스 인사 무시?""…""아일릿 새 안무, 죄다 복붙"" 폭발 / SBS / 모아보는 뉴스"
506,연예인들도 팬 된다는 뉴진스 인기 수준 ㄷㄷ #shorts
507,[선공개] 라이브도 잘하는 갓기들의 'Hype Boy' 무반주 한소절🎤 | 뉴진스(NewJeans) | 두시탈출 컬투쇼
508,ETA - 뉴진스(NewJeans) [2023 새만금 세계스카우트잼버리 케이팝 슈퍼라이브] | KBS 230811 방송
509,침착맨 OMG 등장씬 뉴진스 반응 (침착맨 부럽다)
510,[2022 가요대전 페이스캠4K] 뉴진스 해린 'Tell Me (원더걸스)' (NewJeans HAERIN Facecam)│@SBS Gayo Daejeon 221224
511,뉴진스 뮤직비디오를 예언한 무한도전 🧝🏻‍♀️
512,[뉴진스] 민지 T의 단호함에 당황하는 하니
513,"뉴진스에 '눈물 버튼' 회사엔 1초 만에 '폭발'한 민희진…하이브 ""답변할 가치 없다"" 입장에 다시 나와 한 말 (현장영상) / SBS"
514,"220921 NewJeans (뉴진스) Full Ver. ""Attention, Cookie, Hurt, Hype Boy"" 직캠(Fancam) [4K 60p] @단국대학교 축제"
515,뉴진스 신곡 #NewJeans_BubbleGum 30초 트위터에 올라온거!!! #Hanni #ハニ #NewJeans
516,뉴진스 혜인 녹음실 음색
517,2023년 01월 02일 2부 | [ENG] 뉴진스 초대석 (with 주우재)
518,"[맥도날드x뉴진스] 색다른 차원의 빠삭함, 맥크리스피(Full ver.)"
519,NewJeans (뉴진스) 'Ditto' Dance Clip
520,[4K Mirrored] NewJeans(뉴진스) - 'Ditto' (디토) 안무 거울모드(Dance Practice Mirrored)
521,뉴진스 경복궁 근정전 스페셜 무대 공개 / KBS 2024.05.16.
522,[뉴진스 해린] 갭차이 실화ㅋㅋㅋ
523,"[이슈] 뉴진스, 경복궁 퍼포먼스 영상 공개/NewJeans ""Special Performance"" Official Teaser Released/2024년 5월16일(목)/KBS"
524,"“하이브, 뉴진스 차별대우” vs “민희진, 뉴진스 방패막이” 법정공방 / KBS 2024.05.18."
525,[MPD직캠] 뉴진스 하니 직캠 4K 'Attention' (NewJeans HANNI FanCam) | @MCOUNTDOWN_2022.8.11
526,NewJeans (뉴진스) 'OMG' Dance Practice (Fix ver.)
527,뉴진스 해린 실물 현장 후기((NewJeans HAERIN)
528,'K팝 위상' 상징된 대기업 하이브...변화와 과제는? / YTN
529,[뉴진스] 5각 관계 모음
530,[뉴진스] 민지 “그” 표정 모음
531,뉴진스 먹방 모음
532,뉴진스 리그 오브 레전드 GODS 리허설 비하인드
533,[뉴진스] 갑자기 강아지 등장
534,일본방송 뉴진스 attention + 인터뷰
535,뉴진스 ( Newjeans ) - Hype boy. cover #한림예고
536,[#shorts ] 아니 이렇게 이미지가 달라질 수 있나 [뉴진스/하니]
537,⚠️NEWJEANS (뉴진스) - BUBBLE GUM [10D USE HEADPHONES!] 🎧
538,"뉴진스 샤카탁, 반반 나뉘는 의견"
539,[뉴진스] 엉망잔칭 민지 생일파티 🎂😆💜
540,𝐏𝐥𝐚𝐲𝐥𝐢𝐬𝐭 드라이브 때 들으려고 만든 뉴진스 시티팝 노래 모음 | Full Album
541,[Full Album] NewJeans (뉴진스) – New Jeans
542,[2022 가요대전 4K] 뉴진스 'Intro + Tell Me(원더걸스)' (NewJeans FullCam)│@SBS Gayo Daejeon 221224
543,NewJeans 뉴진스 'Bad Cookie'
544,NewJeans(뉴진스) - Hurt @인기가요 inkigayo 20220828
545,[ENG/JP] 뉴진스 체육교실 (OMG 퀸민지 상위 4% 도전)⚡아이돌 출발 드림팀⚡ [EP.5-2] | Idol's Physical Race | NewJeans | Ditto
546,뉴진스 하니 얼굴 분석 중 깨달은 것! #shorts
547,"“하이브, 뉴진스 차별대우” vs “민희진, 뉴진스 방패막이” 법정공방 / KBS 2024.05.17."
548,[뉴진스] 뉴진스 무한도전 밈 모음 #newjeans #hypeboy #omg #뉴진스 #무한도전 #밈#shorts #ditto
549,[얼빡직캠 4K] 뉴진스 민지 'Hype Boy' (NewJeans MINJI Facecam) @뮤직뱅크(Music Bank) 220812
550,"해린, 8세~18세까지 성장 과정 | 뉴진스"
551,[얼빡직캠 4K] 뉴진스 하니 'Ditto'(NewJeans HANNI Facecam) @뮤직뱅크(Music Bank) 230120
552,[K-Fancam] 뉴진스 해린 직캠 'Attention' (NewJeans HAERIN Fancam) l @MusicBank 220805
553,[페이스캠4K] 뉴진스 하니 'Ditto' (NewJeans HANNI FaceCam) @SBS Inkigayo 230115
554,뉴진스 VS 아이브 영어실력 특징 ㄷㄷ
555,[뉴진스] 2개월 만에 정산 받고 산 것 #유퀴즈
556,한국에서 더 잘하자 터져버린 해외 반응
557,[KPOP IN PUBLIC | ONE TAKE] NewJeans (뉴진스) 'Attention' - Dance Cover by KD Center from Poland
558,NewJeans (뉴진스) 'Attention' 교차편집 (Stage Mix) [4K]
559,NewJeans All Songs Playlist (뉴진스 플레이리스트) (With Lyrics)
560,울지마🙅🏻‍♀️뉴진스 포닝 20240506
561,[BTN뉴스] 우리학교에 뉴진스님 오신 날 “자랑하고 싶어요”
562,[MPD직캠] 뉴진스 해린 직캠 4K 'Hype Boy' (NewJeans HAERIN FanCam) | @MCOUNTDOWN_2022.8.4
563,NewJeans (뉴진스) - Ditto (R&B trap remix by jis jeong)
564,'부처핸섬' 인기 얻고 밈도 섭렵…젊어진 부처님오신날 [MBN 뉴스7]
565,"“하이브, 뉴진스 차별대우” vs “민희진, 뉴진스 방패막이” 법정공방 [9시 뉴스] / KBS 2024.05.17."
566,[입덕직캠] 뉴진스 하니 직캠 4K 'Attention' (NewJeans HANNI FanCam) | @MCOUNTDOWN_2022.8.11
567,"뉴진스 전원, 법원에 탄원서…민희진에 힘 실은 듯 [MBN 뉴스센터]"
568,[뉴진스] 무대에서 하니에게 일어난 문제에 민지가 한 대처
569,[뉴진스/하니] 미션못할까봐 혼자 긴장해서 웃질못하는 팜하니ㅠㅠ
570,1분안에 알아보는 뉴진스 춤 실력 성장과정ㄷㄷ
571,"뉴진스, 이번엔 표절 의혹 제기 논란"
572,[ENG/JP] 뉴진스 민지 못하는게 뭔지? feat. Ditto 최초 공개 ⚡아이돌 출발 드림팀⚡ [EP.5-1] | Idol's Physical Race | NewJeans
573,"[뉴진스 NewJeans 무대 ] 에스파 aespa,이영지,BOYNEXTDOOR, 실리카겔,스테이씨 Reaction @231202 2023 mma 멜론뮤직어워드 직캠"
574,[뉴진스] 드디어 풀린 다만세 고음파트
575,[뉴진스] 하니 놀리는 민지 모음
576,[얼빡직캠 4K] 뉴진스 민지 'Attention' (NewJeans MINJI Facecam) @뮤직뱅크(Music Bank) 220805
577,NewJeans (뉴진스) 'OMG' Dance Clip
578,"[이슈플러스] 하이브·민희진 법정공방...""뉴진스 차별"" vs ""사익 위해 이용"" / YTN"
579,(Full Focused) NewJeans(뉴진스) 'Attention' 4K | BE ORIGINAL
580,[MPD직캠] 뉴진스 하니 직캠 4K 'Cookie' (NewJeans HANNI FanCam) | @MCOUNTDOWN_2022.8.4
581,eng)코카콜라 맛있다. 맛있으면 또 먹어 NewJeans (뉴진스) - Zero MV reaction 리액션
582,[뉴진스] 🐻민지 ESTJ 모먼트.zip 2편 (Newjeans Minji MBTI)
583,NewJeans (뉴진스) - Cookie | KCON 2022 SAUDI ARABIA
584,법원에 탄원서 낸 뉴진스 멤버들 #Shorts (MBC뉴스)
585,확신의 고양이상 강해린 귀엽고 웃긴 모먼트 모음 zip
586,[안방1열 풀캠4K] 뉴진스 'Cookie' (NewJeans FullCam)│@SBS Inkigayo 220807
587,[제37회 골든디스크] NewJeans - 'Opening + Attention (Golden Disc ver.) + Hype Boy + OMG' ♪｜JTBC 230107 방송
588,[Light Jeans] NewJeans (뉴진스) 'Hype Boy' MV Reaction
589,"아이돌vlog)뉴진스 멤버 광고 통편집 해명, 다이소 엠버서더 된 근황 브이로그"
590,[K-Fancam] 뉴진스 민지 직캠 'Attention' (NewJeans MINJI Fancam) l @MusicBank 220805
591,"[뉴진스] 실시간 충격 뉴진스 ""계약해지 전문변호사 선임"" (""New Jeans"" prepares a lawsuit to terminate contract with HYBE)"
592,논란 속에도 뉴진스 신곡 뮤비 ‘600만 뷰’ 터졌다 | 뉴스TOP 10
593,NewJeans (뉴진스) 'INTRO+OMG' Stage Cam @ 2023 Weverse Con Festival
594,[4K] 뉴진스 'Attention' 뮤직뱅크 1위 앵콜 직캠 (NewJeans Encore Fancam) @MusicBank 220819
595,[뉴진스] MAMA에서 4세대 걸그룹 노래 커버한 뉴진스 #shorts
596,"뉴진스님 ""극락도 락""...세상 '힙'한 불교 행사 [이슈PLAY] / JTBC News"
597,"""'뉴진스' 성공 예상했다""…K-POP의 지휘자 '프로듀서 민희진' / SBS / 초대석"
598,[안방1열 직캠4K] 뉴진스 민지 'Attention' (NewJeans MINJI FanCam) @SBS Inkigayo 220807
599,ASAP
600,[뉴진스] 하니 담당 한국어 선생님들 모음
601,"💙청룡영화상 뉴진스 무대, 배우들 반응 모음💙"
602,민지&혜인 X 제이홉 'on the street' 챌린지. 뉴진스와 방탄 조합이라니 좋다ㅎㅎ 셋 다 넘 귀여움ㅋㅋ #홉진스 #BTS #jhope #NewJeans #뉴진스
603,"[자막뉴스] ""네 커플 탄생했어요""...MZ 몰린 불교 행사 정체 / YTN"
604,이게 진짜 키라고?ㄷㄷ 뉴진스 멤버들 키 공개되자마자 난리난 이유
605,[ENG/JP] 오늘은 돈쓰는 날💰 feat.뉴진스 미공개 클립 ⚡아이돌 출발 드림팀⚡ [EP.5-3] | Idol's Physical Race | NewJeans | OMG
606,[안방1열 풀캠4K] 뉴진스 'OMG' (NewJeans FullCam)│@SBS Inkigayo 230129
607,"하이브, 컴백 앞둔 뉴진스 소속사 감사 착수...민희진 ""어이없다"" [지금이뉴스] / YTN"
608,"""부처핸섬"" ""나는 절로""...MZ 사로잡은 '힙'한 불교 / YTN"
609,New Jeans Full Album Playlist
610,"뉴진스, 탄원서로 첫 입장 표명...방시혁 ""민희진, 악의적 행동"" / YTN"
611,𝑷𝒍𝒂𝒚𝒍𝒊𝒔𝒕 │ “꿈에서 깨워주지 마” ⋰˚☆ │ 몽환적인 뉴진스 플리 │ NewJeans
612,[KPOP IN PUBLIC] NewJeans(뉴진스)-‘OMG’ Dance Cover By MIMI SHAO From Taiwan Feat.Peachü
613,Newjeans(뉴진스) 하니 X Colde(콜드) - '와르르♥' | Newjeans HANNI X Colde - 'WA-R-R'
614,아일릿 멤버가 뉴진스 안티글을 보다가 실수했다고?
615,Ditto - NewJeans(뉴진스) (KY.29066) / KY Karaoke
616,[페이스캠4K] 뉴진스 해린 'OMG' (NewJeans HAERIN FaceCam) @SBS Inkigayo 230115
617,[뉴진스] 피식하면 끝난 겨 EP.3
618,"🐰뉴진스 하니에게 입덕했다면 꼭 봐야할 귀여운 하니어, 말투 모음집 최신판 🐰"
619,‘이거 진짜야?’ 순식간에 모든 게 사라졌다..최악의 공포 덮친 美 [세계는 날리지]
620,"뉴진스, 칸예, 지디도 팬 인증! 30년째 가장 잘 팔리는 예술가 '무라카미 다카시' 이야기"
621,"NEW JEANS 뉴진스, 근정전 티저 촬영 메이킹 현장 공개"
622,아미 이어 이번에는 버니즈 나섰다…하이브서 “뉴진스 지지” 경영진 갈등→혜인 부상까지.. 악재에도 뉴진스 컴백 준비 이상 無 #newjeans
623,[앵콜캠4K] 뉴진스 'Attention' 인기가요 1위 앵콜 직캠 (NewJeans Encore Fancam) | @SBS Inkigayo_2022.08.21.
624,"[뉴스 ‘꾹’] ""엑스레이 보니 남편 몸속에.."" '투플' 한우 먹다 ""뚜둑"" 경악 (2024.05.15/MBC뉴스)''"
625,진짜가 나타났다..❗️뉴진스 담당쌤이 알려주는 ✨진짜✨ 뉴진스st 메이크업 + 어디에서 볼 수 없는 꿀팁❤️ :: Real NewJeans Makeup
626,[페이스캠4K] 뉴진스 해린 'Cookie' (NewJeans HAERIN FaceCam) @SBS Inkigayo 220807
627,NewJeans I LG gram : 그램Style 뉴진스 리미티드 에디션 출시 기념 '아름다워' Official M/V
628,[K-Fancam] 뉴진스 하니 직캠 'Ditto' (NewJeans HANNI Fancam) l @MusicBank 230120
629,1부 뉴진스 지켜 2부 자전거 쇼핑 3부 흑자명화
630,"[단독]김호중, 사고 직전 유흥주점 들렀다 | 뉴스A"
631,뉴진스[NewJeans] 대선배라 불리는 일본 걸그룹
632,"뉴진스, 탄원서로 첫 입장 표명...방시혁 ""민희진, 악의적 행동"" / YTN"
633,뉴진스 Attention 뮤비 표절
634,"실시간 라이브 ""뉴진스 상황급변"" (2024/5/20)"
635,[안방1열 직캠4K] 뉴진스 하니 'Cookie' (NewJeans HANNI FanCam) @SBS Inkigayo 220807
636,"2022 AKARAKA 아카라카 뉴진스 New Jeans Full? ver. 민지야 사랑해....Attention, Cookie, Hurt, Hype boy ✨VIP 1열시점✨"
637,[Jeans' ZINE] 우밤당낮 아케이드 EP.2 아무도 못 이김 👽🖍️🛞 | NewJeans
638,[Light Jeans] NewJeans in Singapore with Nike🌴 | NewJeans
639,"NewJeans 뉴진스 2022 MMA (Cookie + Hype boy + Attention) Stage Reaction ( IVE, STAYC, ATBO, 임영웅, 멜로망스)"
640,"하이브, 뉴진스 긴 휴가 제안 폭로한 엄마 (+삼프티)"
641,NewJeans (뉴진스) 'Ditto' 안무연습
642,하이브 - 민희진 법정서 정면충돌…뉴진스 놓고 감정싸움 / 연합뉴스TV (YonhapnewsTV)
643,[악뮤/수현] 수현: 라이브를 어떻게 해 (feat. 뉴진스-OMG)
644,"하이브 - 민희진 법정공방…""뉴진스 차별"" vs ""가스라이팅"" / 연합뉴스TV (YonhapnewsTV)"
645,"[뉴스 '꾹'] ""한가인 씨에 죄송"" 폭발한 PD들..""방송재개 안 되면 강경투쟁"" (2024.05.14/MBC뉴스)"
646,[이슈 직진] 뉴진스 멤버 전원 탄원서...법원이 누구 손 들어줄까? #shorts #뉴스센터 | MBN 240518 방송
647,[ENG]최초공개! #뉴진스 혜인의 가방 속을 처음 공개합니다. 혜인이가 좋아하는 최애 키링들부터 민지 언니에게 선물 받은 아이템까지. 귀염막둥이의 가방 속에는 무엇이?
648,뉴진스(NewJeans)만 보면 하트💖가 튀어나와~ 귀엽고 사랑스런 뉴깅이들 하고 싶은 거 다해~요약ZIP EP.1(SUB)ㅣ#뉴진스코드in부산 #뉴진스컴백축하해
649,[Light Jeans] Billboard Women In Music Photoshoot Behind🌷 | NewJeans
650,조계종으로부터 공식으로 디제잉 임명받은 뉴진스님
651,"[이슈] 민희진 ""뉴진스만 차별"" vs 하이브 ""가스라이팅을 모녀관계로"" / '음반 밀어내기 의혹' '무속 경영' 원색적 법정공방 /2024년 5월 18일(토)/KBS"
652,"하이브-민희진 첫 법정 다툼... ""뉴진스 가스라이팅"" vs""차별 대우"" [이슈PLAY] / JTBC News"
653,'뉴진스 맘' 민희진 대표 아닌 현실 부모님들의 이야기를 들어보자 (맴찢) #shorts #뉴진스 #방시혁
654,"민희진 ""외부 투자 제안?…투자와 무관한 사적인 자리"" / SBS / 굿모닝연예"
655,"검찰 향해 역정낸 김성태 ""우리가 봉이냐고, 정치인한텐 말도 못하는 것들이""…징역 3년 6개월 구형 받고 한 말 (현장영상) / SBS"
656,250과 FRNK가 프로듀싱한 아이돌 노래라고?! | NewJeans (뉴진스) - New Jeans [FULL ALBUM]
657,가요계 1위 기획사 내분…뉴진스 컴백 빨간불? | 뉴스픽
658,A film by NewJeans 🎬 출연: 뉴진스 / 촬영: 뉴진스 / 편집: 뉴진스 #NewJeans #뉴진스 #NewJeans_OMG #NewJeans_Ditto
659,[OPEN 인터뷰]뉴진스 뛰어넘는 대형 신인(?)…JYP 가르침 받고 이렇게 컸다! | 뉴스A
660,"[이슈] 하이브-민희진, ‘대표 해임’가처분 오늘 심문/Min Heejin having a court hearing against HYBE/2024년 5월17일(금)/KBS"
661,NewJeans (뉴진스) 'OMG' MV Reaction
662,민희진 운명의 날…가처분 심문｜지금 이 장면
663,[자막뉴스] 눈부신 K팝 이면엔...고스란히 드러난 민낯 / YTN
664,"뉴진스 결국 법정으로? 멤버 전원, 탄원서 냈다 | 이슈픽 zip"
665,"""어서와~ 불교 EDM은 처음이지?""... 조계종도 뉴진스님 대환영 #shorts / 연합뉴스TV (YonhapnewsTV)"
666,민희진.. 뉴진스 개ㅆ욕 카톡내용 🤦‍♀️ | 뉴진스 맘이라더니 이게 현실 | 감성팔이만 하면 선동되는 대한민국
667,OMG 걸음 챌린지 🅾️❎ #NewJeans #뉴진스 #NewJeans_OMG #NewJeans_Ditto#Year_of_NewJeans
668,NewJeans (뉴진스) 제37회 GOLDEN DISC AWARDS 댄스 연습
669,"[이슈] 엄빠 전쟁에도…뉴진스, 신곡 뮤비 ‘1000만뷰’ 대박 / 뉴진스, ‘Bubble Gum’ 뮤비 공개…뉴진스 감성 ‘몽글몽글’ 24.04.28 | MBN NEWS"
670,NewJeans (뉴진스) 'Cool With You' & 'Get Up' 공식 MV (side B)
671,"#뉴진스 이 정도면 국가유산! (KBS 2024 Korea On Stage, NewJeans stage making)"
672,[오늘세계는] 이슬람 국가 말레이시아가 뉴진스님 입국 금지한 속사정은? -구정은 국제전문기자ㅣKBS 240517 방송
673,[뉴진스] 하니가 고른 뉴진스 최고의 무대는?
674,뉴진스 하니(Hanni) - 가끔 난 날 안 믿어(Nothing Matters) / 씨잼(C JAMM) [AI COVER]
675,한국을 사랑하는 뉴진스
676,[뉴진스] 욕심쟁이 다람쥐
677,"부처님 오신 날, 뉴진스님 보고 극락가소서🤩"
678,"[뉴스포커스] 김호중 ""음주운전 한 것 맞다""…입장 변화 이유는? / 연합뉴스TV (YonhapnewsTV)"
679,뉴진스 하니가 작작년에 받은 것은?
680,[버니즈로그] NewJeans👖💙덕질로그 뉴진스 다니엘 & 혜인 & 해린 & 민지 & 캣닢즈 생일 카페 투어 브이로그
681,뉴진스 하니(Hanni) - 끽 (feat. 민지) / 씨잼(C JAMM) (feat. Yescoba) [AI COVER]
682,뉴진스를 보는 각종 커뮤니티 반응
683,자기 파트에 딴짓하는 뉴진스 하니 논란
684,2024 미스춘향 (진) 미모의 김정윤님 뉴진스(NewJeans) Super Shy 무대
685,'부처핸섬' 인기 얻고 밈도 섭렵…젊어진 부처님오신날 [굿모닝 MBN]
686,"[뉴스초점] 김호중 ""진실 밝혀질 것"" 첫 입장…오늘도 공연 강행 / 연합뉴스TV (YonhapnewsTV)"
687,NCT U 엔시티 유 'Baggy Jeans' MV
688,"3년 연속 5·18 기념식 찾은 尹‥ ""오월 정신, 자유민주주의 꽃"" - [풀영상] MBC 뉴스데스크 2024년 05월 18일"
689,|하남댄스학원| NewJeans (뉴진스) 'Cookie' |걸스힙합| |BUZZER BEATER DANCE| (하남미사댄스학원)
690,뉴진스 민지-Strawberries & Cigarettes(Troy sivan) AI cover
691,"""떨어졌을 때 들어가야""...미국 증시 투자 전략[염블리의 비밀노트/5월 3주차 ②]"
692,NewJeans (뉴진스) ‘Bubble Gum’ (dese Remix)
693,뉴진스 해린- 그러는 그대는 (IU) AI COVER
694,"[다시보기] 뉴스룸｜""윤 대통령 임기부터 1년 줄이자"" 조국이 쏘아올린 '개헌론' (24.5.17) / JTBC News"
695,"MBN 뉴스센터 [다시보기] 윤 대통령 5·18 기념식 3년 연속 참석…""풍요로운 미래가 오월 정신의 계승"" - 2024.5.18 방송"
696,NCT U (엔시티 유) - Baggy Jeans | Show! MusicCore | MBC230902방송
697,"트로트 가수 김호중, 뺑소니 후 운전자 바꿔치기 의혹 [아침&매일경제]"
698,레고로 만든 뉴진스 버블껌 #뉴진스 #newjeans #버블검 #bubblegum #뮤직비디오 #레고스톱모션
699,"[핫클릭] 뉴진스, 걸그룹 최초 경복궁 근정전 공연 外 / 연합뉴스TV (YonhapnewsTV)"
700,고통을 이겨내면 '극락왕생' #shorts / YTN
701,[Playlist] New jeans 앨범 몰아듣기
702,NewJeans (뉴진스) 'Lie' (AI)
703,[😡뒤질래]민희진 뉴진스 이를 추종하는 짐승들 _ 살포시 즈려밟고 나락가자/구제불능이다
704,[1시간] NewJeans (뉴진스) 'Bubble Gum' / 𝑝𝑙𝑎𝑦𝑙𝑖𝑠𝑡🫧
705,불교가 이럴 줄은.. 뉴진스님에 난리난 이유 [shorts]
706,전화로 분량 톡톡히 챙기는 귀여운 막내 혜인이 #할명수 #뉴진스
707,"[이슈 직진] ""외쳐! 부처핸섬!"" 젊은 세대 사로잡은 '힙한 불교' #shorts #뉴스7 | MBN 240515 방송"
708,민지언니 해줘 #Hanni #ハニ #NewJeans
709,Bubble Gum (New Jeans) / 뉴진스 / Lily Sue
710,발소리만 듣고 뉴진스 안무 맞추기 가능?? #NEWJEANS #shorts
711,민희진 대표 뉴진스 험담 카톡 내역 공개 [사실이라면 법적으로 불리해질 가능성이 농후하다] #shorts
712,[쩜상 시크릿] 불타오르는 음식료주 이제 시작 ! 전선 랠리 고점은 언제까지???? #삼양식품 #ls에코에너지
713,뉴진스 감독 입장 밝혔다
714,(나의체) 인어공주 한글버전 가사 써보기 (뉴진스 다니엘 버전) #kpop #Danielle #뉴진스 #다니엘
715,[라이트청바지] 2024년 새해맞이 로킹이브 비하인드🎆 | 뉴진즈
716,뉴진스 하니(Hanni) - 가끔 난 날 안 믿어(Nothing Matters) / 씨잼(C JAMM) [AI COVER] #shorts
717,뉴진스 하니(Hanni) - 끽 (feat. 민지) / 씨잼(C JAMM) (feat. Yescoba) [AI COVER] #shorts
718,공개된 아일릿 새 안무에 나온 반응 #shorts
719,NewJeans (뉴진스) 'Gray' (AI)
720,팜르렁 #뉴진스 #하니 #해린 #혜인 #Newjeans 🎥 [Jeans' ZINE] 조금 이른 봄놀이 EP.2 비가 와도 직진 직진🛶 ｜ NewJeans
721,"방시혁 하이브 아티스트 SNS 차별논란, 왜 뉴진스만 없을까? #shorts #르세라핌 #뉴진스"
722,뉴진스 멤버 5명 법원에 탄원서...
723,[뉴진스 하니&해린&혜인] 욕심쟁이 다람쥐 🐿
724,뉴진스의 건강관리 비결 풍선껌 'Bubble Gum' #shorts#할명수#박명수
725,[풀영상] 뉴스광장 : 이란 대통령 헬기 추락…미·유럽 ‘촉각’ - 2024년 5월 20일(월) / KBS
726,"[자막뉴스] ""무례함 선 넘었다"" 피식대학, 지역 비하 뭐길래? / 채널A"
727,뉴진스 해린(Haerin) - 애상 / 쿨(COOL) [AI COVER] #shorts
728,뉴진스 뮤비에 늘 함께했던 아이템이 있다고?
729,4명만 나온다고 활동 중단 컴백 함께하지 않아 뉴진스 멤버
730,"데뷔부터 3월까지 뉴진스 멤버 인기순위 From our debut until now, who is the member of NewJeans 22 8~24 3브랜드평판#민희진"
731,"[에디터픽] 김호중 ""술잔에 입 댔지만 안 마셨다""..검찰총장 대행 출신 변호사 선임 / YTN"
732,🌟스톤헨지X뉴진스 AR필터🌟 #stonehenge #newjeans #selfie
733,코리아 온 스테이지 경복궁 근정전 뉴진스 티저 메이킹 영상ㅣ#newjeans #뉴진스 #경복궁 #근정전
734,[미리보는오늘] 박정훈 전 해병대수사단장 4차 공판...'민희진·하이브' 의결권 행사금지... / YTN
735,"[이슈 Pick? Pick!] 3년 연속 5·18 기념식 찾은 尹‥""오월 정신, 자유민주주의 꽃"" (2024.05.18)"
736,킬포가 너무 많은 버블검 뮤비 #뉴진스 #민지 #하니 #다니엘 #해린 #혜인 #버니즈 #팜니쥬 #PhamneedU #PNU #NJS #newjeans
737,왜.. 물어본거야? #뉴진스 #민지 #혜인 #Newjeans 🎥 [ENG SUB] 기분이 나쁠 땐？ 뉴진스를 보세요😉👈🏻 ｜ 아이돌 인간극장
738,"[오늘세계는] 풀영상 - 중-러 정상, 회담에서 협력 강화키로 + 클럽에서 공연하는 뉴진스님, 입국 금지 호소한 말레이시아 속사정 外ㅣKBS 240517 방송"
739,뉴진스가 아이브때매 망한 이유 TOP7
740,🔴 다시 보는 주간 '조회수HOT' - 2024년 5월 19일 / SBS
741,NewJeans 'Bubble Gum' Lyrics (Color Coded Lyrics Eng/Rom/Han)
742,[자막뉴스] ＂부처핸섬!＂ 젊어진 부처님 오신 날 풍경 어땠나? | 이슈픽
743,"김호중 뺑소니 논란, 일파만파...하이브-민희진 사태 분수령 / YTN"
744,'K팝 위상' 상징된 대기업 하이브...변화와 과제는? / YTN
745,김주하 AI 앵커가 전하는 5월 17일 MBN 뉴스7 주요뉴스
746,뉴진스 이번 신곡 레전드다ㅠ#뉴진스#bubble gum#하루한끼#shorts
747,NewJeans (뉴진스) - Bubble Gum (1 HOUR LOOP) Lyrics | 1시간 가사
748,뉴진스 해린 강해린 신기한 윙크 모음
749,뉴진스 해린 강해린 신기한 윙크 모음
750,newjeans - bubble gum (cover)
751,【NewJeans】[8K HBR] Be Who You Are @Music Video
752,2일차 버니즈의 뉴진스 포카 챌린지! 최애부터 오애까지 맞춰보세요! #뉴진스 #하니 #민지 #해린 #혜인 #다니엘
753,[1 HOUR] NewJeans (뉴진스) 'Bubble Gum' Lyrics (뉴진스 Bubble Gum 가사) [Color Coded Han_Rom_Eng]
754,𝐏𝐥𝐚𝐲𝐥𝐢𝐬𝐭 내가 들으려고 만든 뉴진스 노래모음 (1Hour Loop)
755,마침내 바다를 벗어난 다니에리얼
756,뉴진스(NewJeans) 노래모음 플레이리스트 [NewJeans PLAYLIST] (신곡포함)
757,제 방 페인트칠 중 3시간 넘게 걸렸어여ㅠ #newjeans #뉴진스 #버니즈#떡상떡상떡상
758,뉴진스 해린 앗 네
759,뉴진스 - Ditto (1시간) / 가사 Lyrics
760,뉴진스 노래모음 (가사포함) | NewJeans Playlist (Korean Lyrics)
761,"난 행운아야 정말로 I know, I know (최종 ver.)"
762,쁘띠 마망
763,"다가오는 여름을 기다리며 듣는 재즈플리🏖️ SUMMER JAZZ l Jazz Piano Music for Cafe Study, Work, Focus💕"
764,어서오세요🙋🏻주문하신 재즈 한 잔 나왔습니다🥤카페 림림에서 들을 수 있는 재즈플리💕 l Coffee&Jazz l Relaxing Jazz Piano Music for Cafe
765,뉴욕의 연인들 (2011)
766,뉴진스의 버블검
767,𝗧𝘂𝗲𝘀𝗱𝗮𝘆 𝗝𝗮𝘇𝘇 | 출근해서 틀어놓으면 하루 뚝딱..! 퇴근이 빨리 다가오는 재즈플리😀 | Tuesday Jazz Playlist
768,마음이 안정되고 기분 좋아지는 음악🌲하루10분 만병을 치료 해주는 힐링 명상 기치료 음악 및 영상 - 아침음악 - 힐링음악 - 명상음악 - 스트레스해소음악
769,"흔한 일반인이 직접 부른 “NewJeans - Bubble Gum"" 🫧 #cover #vocal #newjeans #hybe #kpop #covervocal"
770,Karaoke!
771,"💻일할 때 듣기 좋은 재즈플레이리스트🥰 l Relaxing Jazz Piano Music for Study, Work, Focus"
772,슈가 앤 스타
773,"Playlist: 아침에 듣기 좋은 상쾌한 팝송 모음 🍀 도입부 부터 좋은, 적당히 리듬타는 노래 모음"
774,"'채상병 특검법' 거부권 건의‥ 야 ""강력 규탄"" - [LIVE] MBC 뉴스외전 2024년 05월 21일"
775,(New Jeans) 뉴진스 다니엘 입덕모음.zip2📂
776,해린은 어떻게 뉴진스 대표 춤꾼이 되었을까?
777,하이브 vs 민희진 싸움에 뉴진스 등 터지다...
778,민지 걱정하는 팜 #뉴진스 #민지 #하니 #다니엘 #해린 #혜인 #버니즈 #팜니쥬 #PhamneedU
779,MIN HEEJIN WILD SHOCKING KAKAO CHAT (ALLEGEDLY) ABOUT NEWJEANS & BUNNIES NEWJEANS에 대한 충격적인 카카오톡 채팅
